time_seconds,time_hours,total_entities,person_entities,scholarly_entities,other_entities
44652.6165099144,12.403504586087333,98735338,10609909,41232415,23509679
