time_seconds,time_hours,total_entities,person_entities,scholarly_entities,other_entities
40390.54895877838,11.219596932993994,98735338,10609909,41232415,23509679
