time_seconds,time_hours,total_entities,person_entities,scholarly_entities,other_entities
43920.83381271362,12.200231614642673,98735338,10609909,41232415,23509503
