time_seconds,time_hours,total_entities,person_entities,scholarly_entities,other_entities
40245.659217596054,11.17934978266557,101564178,10609909,41232415,581785
