time_seconds,time_hours,total_entities,person_entities,scholarly_entities,other_entities
43007.220583200455,11.946450162000126,98735338,10609909,41232415,23509679
